iter	RMSE
0	4.525647998
1	4.489986476
2	4.454821392
3	4.420315598
4	4.383415502
5	4.347359597
6	4.316849768
7	4.280581564
8	4.244036013
9	4.210014081
10	4.175077843
11	4.140498657
12	4.103477848
13	4.072292415
14	4.039904075
15	4.003583313
16	3.968082965
17	3.93629728
18	3.903865368
19	3.872493255
20	3.839702972
21	3.810532222
22	3.784298327
23	3.755385227
24	3.721560346
25	3.690967413
26	3.660597655
27	3.631367057
28	3.606416181
29	3.576952623
30	3.54867743
